Datei,Komplexitaet,Erwartung,Deckt ab (Inventur-IDs / Abschnitte),Bemerkung,Suiten
01_minimal.takt,1,parse ok + sema ok,"system, channel_decl, command_decl, param_decl, machine_decl, fault_clause, state_decl, enter_block, loop_block, transition, check_stmt",kleinstes vollstaendiges Programm,vergleich; mcu; ziele; board; ieee; beweiser
02_units_and_data.takt,2,parse ok + sema ok,"unit_decl, enum_decl (einzeilig + layout), record_decl, const_decl, profile_decl, table, fn_decl mit generic_vars [U], if/elif/else, interp, affine Einheiten, pub var",Typsystem-Stichprobe,"vergleich; mcu; ziele; board; ieee; beweiser"
03_sequences_and_faults.takt,3,parse ok + sema ok,"hierarchische state_decl, sequence_block (wait/until/expect/repeat/step), check ... for, alert ... for, abort_stmt, after-Transition, Fault-Wald, timeout -> ZIEL",Ablaufsteuerung,"vergleich; mcu; ziele; board; ieee; beweiser"
04_blocks_and_multirate.takt,3,parse ok + sema ok,"block_decl + step_decl, machine-Parameter, instance_decl (Dateiebene), every/phase, follows, signal_decl + raise, pub var, every_stmt, for_stmt + break, samples<T,N>, Metadaten-Attribut label",Komposition und Multirate,"vergleich; mcu; ziele; board; ieee; beweiser"
05_streams_and_protocol.takt,4,parse ok + sema ok,"stream_decl (intern), Stream-Kanaele, framing/overflow/expect_len, on_handler mit Mustern und Captures, until ... matches ... else, send_stmt, at_stmt, pulse_stmt, cancel_stmt, record layout + bits + len_field, T!E mit OK/ERR, match mit case _",Ereignisstroeme und Protokolle,"vergleich; mcu; !ziele Regel; board; !ieee Regel; beweiser"
06_test_harness.takt,4,parse ok + sema ok,"measure/verify/verdict, sim-Bindung + Streckenmodell, scenario_decl, campaign_decl mit sweep, property_decl (always/eventually/implies), tunable param, fault_is_fail",Testbetrieb (v1.1-Anteile),"vergleich; mcu; ziele; board; ieee; !beweiser das Modell laeuft nur an wenigen Programmen gegen den Interpreter (FB-381, Schritt 28)"
07_embedded_field.takt,5,parse ok + sema ok,"target/tick_source/tick_tolerance/float=f32, persist_decl, state ... idle + wake-Quellen, Bit-Operationen, Einheiten auf Integern (u16[mV]), native fn + native job, job_stmt, Kommando+Status-Geraet, System-Channels, enum ... open, max_slew/debounce",Feldbetrieb (v1.1-Anteile),"vergleich; mcu; !ziele Regel; board; ieee; beweiser"
08_reserved_future.takt,5,parse ok + sema lehnt mit Stufenhinweis ab,"generic_vars mit type/const, instance_decl im Zustand (gescopt), state ... resume, trigger_decl + arm/disarm, node_decl + Platzierung, property ... with monitor, port_decl + driver machine, Metadaten label/group",reservierte Konstrukte spaeterer Stufen,!vergleich Regel; !mcu Regel; !ziele Regel; !board Regel; !ieee Regel; !beweiser Regel
09_known_gaps.takt,5,parse ok,G2 explizite Generic-Instanziierung am Aufrufort; G3 Tupel-Destrukturierung in for; G4 Schluesselwoerter als Membernamen (.as .or .step .state); G5 const-Variable in Typkonstruktor; G6 capture als Stream-Elementtyp; G7 TYPE_IDENT ohne Klammern vor '.',"Regressionstest fuer die geschlossenen Grammatikluecken; ein Grammatiktest: Die Sema lehnt den Block `integrate` ab (`U` plus `U*s`), gewollt nicht behoben",!vergleich Regel; !mcu Regel; !ziele Regel; !board Regel; !ieee Regel; !beweiser Regel
10_nuances.takt,4,parse ok,"alle Schreibweisen, die in keiner anderen Datei vorkommen (die Abdeckung zaehlen census.rs und inventory.rs, nur ueber fehlerfreie Programme)",Abdeckungsdatei; Semantik zweitrangig,!vergleich Regel; !mcu Regel; !ziele Regel; !board Regel; !ieee Regel; !beweiser Regel
11_foc_drive.takt,5,parse ok + sema ok,"tick_source, float = f32, output_timing = boundary, block mit zwei Einheitenvariablen, explizite Instanziierung pi_reg[A, 1/s], Tunables als Instanzargumente, every in loop (Kaskade), check ... for, persist var in Aktionsblock",aus einer KI-generierten Datei; einzige Abweichung war Enum.VARIANTE,"vergleich; mcu; ziele; board; ieee; beweiser"
12_bitfields.takt,-,parse ok + sema ok,"Benannte Bitfelder (3.7): Lesen, Schreiben und die Sicht auf den Traeger.",,"vergleich; mcu; !ziele Regel; board; !ieee Regel; beweiser"
13_framing.takt,-,parse ok + sema ok,"Rahmenbau (3.9): Kopf per `encode`, Nutzlast per `append`, Laenge und Pruefsumme per Index-Schreiben nachgetragen (Backpatching).",,"vergleich; mcu; !ziele Regel; board; !ieee Regel; beweiser"
13_protocol_analysis.takt,-,parse ok + sema ok,Messfall der Intervallanalyse fuer die Protokollhaelfte (plan/m3.md 1.9).,,"vergleich; mcu; !ziele Regel; board; !ieee Regel; beweiser"
14_latency.takt,-,parse ok + sema ok,Safe-State-Latenz (9.4.5) und Maschinenbudget (7.2).,,"vergleich; mcu; ziele; board; ieee; beweiser"
15_quality.takt,-,parse ok + sema ok,,,"vergleich; mcu; ziele; board; ieee; !beweiser das Modell laeuft nur an wenigen Programmen gegen den Interpreter (FB-381, Schritt 28)"
16_timing.takt,-,parse ok + sema ok,,,vergleich; mcu; !ziele Regel; board; !ieee Regel; beweiser
17_nested.takt,-,parse ok + sema ok,,,"vergleich; mcu; ziele; board; ieee; !beweiser das Modell laeuft nur an wenigen Programmen gegen den Interpreter (FB-381, Schritt 28)"
18_blocks.takt,-,parse ok + sema ok,Ein Block haelt Zustand ueber den Tick hinaus (5.7); `step` laeuft hoechstens einmal je Aktivierung.,,"vergleich; mcu; !ziele Regel; board; !ieee Regel; !beweiser das Modell laeuft nur an wenigen Programmen gegen den Interpreter (FB-381, Schritt 28)"
19_faults.takt,-,parse ok + sema ok,"Laufzeitpruefungen (4.1): Was die Intervallanalyse nicht wegbeweisen kann, prueft der erzeugte Code zur Laufzeit.",,vergleich; mcu; !ziele Regel; board; !ieee Regel; beweiser
20_native.takt,-,parse ok + sema ok,Native Funktionen mit Kostenvertrag (4.5).,,"vergleich; mcu; !ziele Regel; board; ieee; beweiser"
21_fault_targets.takt,-,parse ok + sema ok,"Uebergangsziele, die keine Zustaende sind (5.3, 6.2).",,"vergleich; mcu; !ziele Regel; board; !ieee Regel; !beweiser das Modell laeuft nur an wenigen Programmen gegen den Interpreter (FB-381, Schritt 28)"
22_faulted_outputs.takt,-,parse ok + sema ok,`FAULTED` ohne Fault-Ziel (5.3).,,"vergleich; mcu; !ziele Regel; board; !ieee Regel; !beweiser das Modell laeuft nur an wenigen Programmen gegen den Interpreter (FB-381, Schritt 28)"
23_patterns.takt,-,parse ok + sema ok,"Musterpruefung im erzeugten Code (8.7, 11.2).",,"vergleich; mcu; !ziele Regel; board; !ieee Regel; beweiser"
24_send_has.takt,-,parse ok + sema ok,"`has` und `send` im erzeugten Code (8.7, 8.8).",,"vergleich; mcu; !ziele Regel; board; !ieee Regel; beweiser"
25_format.takt,-,parse ok + sema ok,"Formatangaben im erzeugten Code (3.9, 8.8).",,"vergleich; mcu; !ziele Regel; board; !ieee Regel; beweiser"
26_samples.takt,-,parse ok + sema ok,Reduktionen ueber ein Abtastfenster (8.9).,,"vergleich; mcu; ziele; board; ieee; beweiser"
27_every.takt,-,parse ok + sema ok,`every d:` im erzeugten Code (5.8).,,"vergleich; mcu; !ziele Regel; board; !ieee Regel; beweiser"
28_scheduled.takt,-,parse ok + sema ok,Geplante Ausgaben (9.8).,,"vergleich; mcu; !ziele Regel; board; !ieee Regel; beweiser"
29_heartbeat.takt,-,parse ok + sema ok,,,"vergleich; mcu; !ziele Regel; board; !ieee Regel; !beweiser das Modell laeuft nur an wenigen Programmen gegen den Interpreter (FB-381, Schritt 28)"
30_idle.takt,-,parse ok + sema ok,,,"vergleich; mcu; !ziele Regel; board; !ieee Regel; !beweiser das Modell laeuft nur an wenigen Programmen gegen den Interpreter (FB-381, Schritt 28)"
31_idle_multirate.takt,-,parse ok + sema ok,,,"vergleich; mcu; !ziele Regel; board; !ieee Regel; !beweiser das Modell laeuft nur an wenigen Programmen gegen den Interpreter (FB-381, Schritt 28)"
32_next_run_after.takt,-,parse ok + sema ok,12.7: Nach 50 ms beendet das Programm seinen Lauf; der naechste soll zehn Sekunden spaeter beginnen.,,"vergleich; mcu; !ziele Regel; board; !ieee Regel; beweiser"
33_enum_param.takt,-,parse ok + sema ok,,,"vergleich; mcu; !ziele Regel; board; !ieee Regel; !beweiser das Modell laeuft nur an wenigen Programmen gegen den Interpreter (FB-381, Schritt 28)"
34_next_run_on_start.takt,-,parse ok + sema ok,12.7: Nach 20 ms beendet das Programm seinen Lauf und verlangt keinen naechsten vor dem naechsten Start der Plattform.,,"vergleich; mcu; !ziele Regel; board; !ieee Regel; !beweiser das Modell laeuft nur an wenigen Programmen gegen den Interpreter (FB-381, Schritt 28)"
35_persist.takt,-,parse ok + sema ok,"`persist var` (5.9): Skalar, Record und Array.",,"vergleich; mcu; !ziele Regel; board; ieee; beweiser"
36_int_units.takt,-,parse ok + sema ok,"Einheiten auf Ganzzahlen (3.2, v1.1): nominal wie auf Fliesskomma, `*`/`/` kombinieren, `+`/`-` verlangen Gleichheit, `.to(U)` nur bei ganzzahligem Faktor (Pruefung 38), sonst `.to_float(U)`.",,"vergleich; mcu; ziele; board; ieee; !beweiser das Modell laeuft nur an wenigen Programmen gegen den Interpreter (FB-381, Schritt 28)"
37_follows.takt,-,parse ok + sema ok,"`follows` (7.2, v1.1): `ctrl` liest `plant` frisch — `pub var`, Zustand und Signal im selben Tick; `watch` liest dieselbe Groesse mit Unit-Delay.",,"vergleich; mcu; !ziele Regel; board; !ieee Regel; !beweiser das Modell laeuft nur an wenigen Programmen gegen den Interpreter (FB-381, Schritt 28)"
38_scenarios.takt,-,parse ok + sema ok,"Szenarien (13.6, v1.1): eine Maschine fuer den Simulations-Build, die `sim`-Outputs stellt, alles liest und Verdikte setzt.",,"vergleich; mcu; ziele; board; ieee; !beweiser das Modell laeuft nur an wenigen Programmen gegen den Interpreter (FB-381, Schritt 28)"
39_sha256.takt,-,parse ok + sema ok,"Native Funktionen ueber die Grenze zur TCB (4.5): ein Digest am Stueck, derselbe in Chunks ueber das opake Record `Sha256Ctx` (kanonische Byteform, 5.9) und ein HMAC.",,"vergleich; mcu; !ziele Regel; board; ieee; beweiser"
40_jobs.takt,-,parse ok + sema ok,Jobs (4.5): `job v = f(args)` startet eine native Funktion ausserhalb der Schrittphase; `v.done` und `v.result` sind Inputs.,,"vergleich; mcu; !ziele Regel; board; ieee; beweiser"
41_tunables.takt,-,parse ok + sema ok,"Tunables (8.4): ein Parameter, der sich waehrend des Laufs aendern darf — ein Input mit Halte-Semantik.",,"vergleich; mcu; !ziele Regel; board; !ieee Regel; !beweiser das Modell laeuft nur an wenigen Programmen gegen den Interpreter (FB-381, Schritt 28)"
42_map.takt,-,parse ok + sema ok,"map<K, V, N> (3.9): Einfuegen, Lesen, Entfernen und die Zahl der Eintraege — die Sondierung aus takt-native, im Interpreter wie im erzeugten Code.",,"vergleich; mcu; !ziele Regel; board; !ieee Regel; beweiser"
43_sent.takt,-,parse ok + sema ok,"o.sent (8.8): Ein Modell liest, was der Treiber im letzten Tick aus dem Sendepuffer geholt hat — hier ein Byte je Tick (100 Hz bei 10 ms).",,"vergleich; mcu; !ziele Regel; board; !ieee Regel; beweiser"
44_campaign.takt,-,parse ok + sema ok,Kampagnen (13.7): `gain_sweep` faehrt die Verstaerkung ueber vier Werte und wiederholt jeden Lauf; `stop_first` bricht beim ersten FAIL ab.,,"vergleich; mcu; !ziele Regel; board; !ieee Regel; !beweiser das Modell laeuft nur an wenigen Programmen gegen den Interpreter (FB-381, Schritt 28)"
45_journal_cut.takt,-,parse ok + sema ok,"Stromausfall-Kampagne gegen das Journal (5.9, 13.7, 8.11): Das Programm schreibt den alten und dann den neuen Eintrag so, wie es `takt-rt-core` tut — Sektor loeschen, Nutzlast, Kopf zuletzt, CRC32 ueber Kopf und Nutzlast, zwei Slots im Wechsel — in das Flash-Modell; `CUT` laesst den Strom nach so vielen Bytes wegbleiben.",,"vergleich; mcu; !ziele Regel; board; ieee; !beweiser das Flash-Modell haelt 256 Chunks zu 256 Byte, ein Zustand ueber `STATE_LIMIT` (FB-485)"
46_matrices.takt,-,parse ok + sema ok,"Matrizen fester Groesse (3.11): die uniforme Form fuer Geometrie und Gewinne, die dimensionierte fuer einen Zustandsschaetzer — jede Zeile einheitengeprueft, und beide Maschinen rechnen im Interpreter und im erzeugten Code bitidentisch (4.2).",,"vergleich; mcu; ziele; board; ieee; beweiser"
47_monitors.takt,-,parse ok + sema ok,Laufzeitmonitore (13.3): `with monitor = true` senkt die Eigenschaft als eigene Schrittfunktion ueber den Tick-Rand-Snapshot; Interpreter und erzeugter Code melden dieselbe Verletzung im selben Tick.,,"vergleich; mcu; !ziele Regel; board; !ieee Regel; !beweiser das Modell laeuft nur an wenigen Programmen gegen den Interpreter (FB-381, Schritt 28)"
48_contracts.takt,-,parse ok + sema ok,"Block-Vertraege (5.7, B2): `requires`/`ensures` sind Beweisverpflichtungen fuer `takt prove`, keine Laufzeitpruefungen.",,vergleich; mcu; ziele; board; ieee; beweiser
49_record_streams.takt,-,parse ok + sema ok,"Record-Elemente auf Stroemen (8.6, 8.7) und `peek` (FB-15).",,"vergleich; mcu; !ziele Regel; board; !ieee Regel; beweiser"
50_clause_words.takt,-,parse ok + sema ok,"Klauselwoerter als Bezeichner (2.2, FB-92): `enter`, `exit`, `loop`, `on`, `when` und `after` leiten nur im Rumpf einer Maschine oder eines Zustands eine Klausel ein und sind sonst gewoehnliche Namen.",,"vergleich; mcu; !ziele Regel; board; !ieee Regel; !beweiser das Modell laeuft nur an wenigen Programmen gegen den Interpreter (FB-381, Schritt 28)"
51_text_into_bytes.takt,-,parse ok + sema ok,"Text in einem `bytes`-Strom (8.8, FB-176): Ein Literal und ein Format werden je ein Element aus Bytes; der Leser indiziert und misst.",,"vergleich; mcu; !ziele Regel; board; !ieee Regel; beweiser"
52_padding_fields.takt,-,parse ok + sema ok,"Padding im Drahtformat (3.7): `_`-Felder nennt kein Literal, aber jeder Wert traegt sie; `encode` kennt den Plan, der Codegen das Struct.",,"vergleich; mcu; !ziele Regel; board; !ieee Regel; beweiser"
53_stream_kinds.takt,-,parse ok + sema ok,"Stroeme in jeder Elementform (8.6, plan/m6.md 2.2): Skalare und Records als Elemente, `for` ueber das Fenster mit `break`, `count`, zwei Leser desselben Stroms, `s as e` in einer Sequenz, `wrap_u8`.",,"vergleich; mcu; !ziele Regel; board; !ieee Regel; beweiser"
54_inout.takt,-,parse ok + sema ok,`inout` (3.9): der Aufruf als Anweisung schreibt den Parameter zurueck; die Funktion bleibt rein.,,"vergleich; mcu; !ziele Regel; board; !ieee Regel; beweiser"
55_frames_with_bytes.takt,-,parse ok + sema ok,"Record-Elemente mit `bytes<N>`-Feld auf Stroemen (plan/m6.md 2.2): ein Element belegt einen Slot fester Laenge (`max_size`), hinter der kanonischen Form mit Nullen gefuellt.",,"vergleich; mcu; !ziele Regel; board; !ieee Regel; beweiser"
56_idle_timer.takt,-,parse ok + sema ok,"`idle` mit dem Timer als einziger Wake-Quelle (5.10, 9.9): Die Schleife ueberspringt die Ticks bis zur `after`-Frist als virtuelle Ticks (Satz 9.9.1), der Trace ist derselbe wie ohne Schlaf.",,"vergleich; mcu; !ziele Regel; board; !ieee Regel; !beweiser das Modell laeuft nur an wenigen Programmen gegen den Interpreter (FB-381, Schritt 28)"
57_persist_often.takt,-,parse ok + sema ok,"`persist` ohne Wartezeit (5.9, 12.3): Der Zaehler aendert sich in jedem Tick, und `min_interval = 0` laesst das Journal so oft schreiben, wie es fertig wird.",,"vergleich; mcu; !ziele Regel; board; ieee; !beweiser das Modell laeuft nur an wenigen Programmen gegen den Interpreter (FB-381, Schritt 28)"
58_persist_alert.takt,-,parse ok + sema ok,"`overrun = alert` (7.3): Ein Ueberlauf ist hier ein Alert, kein Fault.",,"vergleich; mcu; !ziele Regel; board; ieee; !beweiser das Modell laeuft nur an wenigen Programmen gegen den Interpreter (FB-381, Schritt 28)"
59_persist_idle.takt,-,parse ok + sema ok,"`persist` mit Schlaffenster (5.9, 9.9, 12.3): Der Zaehler aendert sich bei jedem Eintritt in RUN, und `min_interval = 0` liesse das Journal sofort schreiben.",,"vergleich; mcu; !ziele Regel; board; ieee; !beweiser das Modell laeuft nur an wenigen Programmen gegen den Interpreter (FB-381, Schritt 28)"
60_resume.takt,-,parse ok + sema ok,`resume` (5.12): WORK merkt sich seinen zuletzt aktiven Kindpfad; der Weg ueber PAUSE und zurueck betritt ihn wieder statt `initial`.,,"vergleich; mcu; !ziele Regel; board; !ieee Regel; beweiser"
61_requirements.takt,-,parse ok + sema ok,Anforderungsreferenzen (13.4): `check` und `verify` tragen eine `req`-ID.,,"vergleich; mcu; ziele; board; ieee; !beweiser das Modell laeuft nur an wenigen Programmen gegen den Interpreter (FB-381, Schritt 28)"
62_type_generics.takt,-,parse ok + sema ok,"Typvariablen (3.12, v1.2): `type T: capability` wird je Aufruf monomorphisiert.",,"vergleich; mcu; ziele; board; ieee; beweiser"
63_scoped_instances.takt,-,parse ok + sema ok,"Gescopte Instanzen (5.11, v1.2): der Lebenszyklus haengt am Zustand des Besitzers.",,"vergleich; mcu; !ziele Regel; board; !ieee Regel; beweiser"
64_scoped_exit.takt,-,parse ok + sema ok,"Der Austritt einer gescopten Instanz (5.11): `ctrl` wechselt von selbst zwischen FIRST und SECOND, `p` tritt also ein und aus.",,"vergleich; mcu; !ziele Regel; board; !ieee Regel; beweiser"
65_trigger.takt,-,parse ok + sema ok,"Trigger (7.5, v1.2): eine deklarative Regel auf einem Strom, die der Compiler auf den I/O-Knoten verlagert.",,"vergleich; mcu; !ziele Regel; board; !ieee Regel; beweiser"
66_capture.takt,-,parse ok + sema ok,"`capture<T, N>` (8.9, v1.2): ein vom Treiber um ein Ereignis herum aufgezeichnetes Fenster, geliefert als Stromelement.",,"vergleich; mcu; ziele; board; ieee; beweiser"
67_bitfield_access.takt,-,parse ok + sema ok,"Zugriffsarten an Bitfeldern (3.7, v1.2): `ro` liest nur, `w1c` loescht durch Schreiben einer Eins, `rsvd` ist weder lesbar noch schreibbar, `active_low` kehrt den logischen Wert an der Grenze um.",,"vergleich; mcu; !ziele Regel; board; !ieee Regel; beweiser"
68_uart_port.takt,-,parse ok + sema ok,"Registerports (12.10, v1.2): `port` bindet einen Registerrecord an eine feste Adresse, und jeder Feldzugriff ist ein sofortiger Lade- oder Speichervorgang in Programmreihenfolge — im erzeugten Code `load volatile` und `store volatile`.",,"vergleich; mcu; !ziele Regel; !board Port auf mmio, die Adresse ist ein Register des C6 (FB-261); !ieee Regel; beweiser"
69_qp_box.takt,-,parse ok + sema ok,"Beschraenkter QP-Loeser (11.4, v1.2): `qp_box` minimiert `1/2 x^T H x + g^T x` unter `lb <= x <= ub` mit projiziertem Gradienten in fester Iterationszahl.",,"vergleich; mcu; ziele; board; ieee; beweiser"
70_padded_record.takt,-,parse ok + sema ok,"Ein Record mit Auffuellung: `a` liegt bei 0, `b` bei 8, `c` bei 16 — die Bytes 1..7 sind Fuellung.",,"vergleich; mcu; !ziele Regel; board; !ieee Regel; !beweiser das Modell laeuft nur an wenigen Programmen gegen den Interpreter (FB-381, Schritt 28)"
71_places.takt,-,parse ok + sema ok,Stellen statt Werte (FB-214).,,"vergleich; mcu; ziele; board; ieee; beweiser"
72_handler_levels.takt,-,parse ok + sema ok,"Handler je Ebene (8.7): Vorfahren vor Nachfahren, jede Ebene sieht das ganze Fenster, und die Handler laufen unmittelbar nach dem `loop:` ihrer Ebene.",,"vergleich; mcu; !ziele Regel; board; !ieee Regel; beweiser"
73_after_levels.takt,-,parse ok + sema ok,"`after` auf zwei Ebenen derselben Kette (5.2, 11.2).",,"vergleich; mcu; !ziele Regel; board; !ieee Regel; !beweiser das Modell laeuft nur an wenigen Programmen gegen den Interpreter (FB-381, Schritt 28)"
74_instance_index.takt,-,parse ok + sema ok,Ein Instanz-Array mit Index lesen (5.11): `cells[k].value` und `cells[k].state`.,,"vergleich; mcu; !ziele Regel; board; !ieee Regel; beweiser"
75_implicit_checks.takt,-,parse ok + sema ok,"Implizite Pruefungen (4.1): Ueberlauf, Division durch null, Schiebebetrag, `as`-Konversion und der Index einer Zuweisungsstelle faulten im erzeugten Code wie im Interpreter.",,"vergleich; mcu; !ziele Regel; board; !ieee Regel; beweiser"
76_stream_views.takt,-,parse ok + sema ok,"`bytes`-Elemente an der Naht des Rings (8.6): Der Ring ist knapp bemessen, damit Elemente ueber das Ende reichen.",,"vergleich; mcu; !ziele Regel; board; !ieee Regel; beweiser"
77_float_faults.takt,-,parse ok + sema ok,"Gleitkomma faultet nicht endlich (4.2): Ueberlauf zu unendlich, Division durch null, `sqrt` unter null, `f64` nach `f32`, `fma` und ein Matrixprodukt faulten im erzeugten Code wie im Interpreter, und das Sichere danach ist dasselbe.",,"vergleich; mcu; ziele; board; ieee; beweiser"
78_length_guards.takt,-,parse ok + sema ok,"Laengenschranken (3.4): `if i >= b.len: break` vor `b[i]`, die Laengenpruefung vor `b[off + n]` und die Schleifeninvariante eines Zaehlers brauchen keine Pruefung im erzeugten Code.",,"vergleich; mcu; !ziele Regel; board; !ieee Regel; beweiser"
79_byte_literals.takt,-,parse ok + sema ok,"Byte-Folgen-Literale (3.9): `[0x01, 199, 0x00]` als Initialisierer und `send`-Argument fuer `bytes<N>` und Bytestroeme; die Laenge ist die Elementzahl, ein Element darf gerechnet sein.",,"vergleich; mcu; !ziele Regel; board; !ieee Regel; beweiser"
80_payload_variants.takt,-,parse ok + sema ok,"Enums mit Feldern (3.6, 11.2): Varianten mit Nutzlast als Wert und Output, Vergleich und `match` mit Bindungen.",,"vergleich; mcu; ziele; board; ieee; beweiser"
81_persist_variants.takt,-,parse ok + sema ok,"`persist` eines Enums mit Feldern (5.9, 11.2): Diskriminante, dann die Felder der Variante in kanonischer Form, dahinter Nullen bis zur groessten Variante.",,"vergleich; mcu; ziele; board; ieee; beweiser"
82_scheduled_sleep.takt,-,parse ok + sema ok,"Eine geplante Ausgabe haelt den Schlaf auf (9.8, 9.9): Das System schlaeft nur, wenn alle Maschinen `idle` sind und keine geplante Ausgabe aussteht.",,"vergleich; mcu; !ziele Regel; board; !ieee Regel; beweiser"
83_durations.takt,-,parse ok + sema ok,"Dauern im Trace (3.3, 9.3, T2): Der Interpreter schreibt eine Dauer in ihrer groessten ganzzahligen Einheit, und jeder Rahmen schreibt sie ebenso — als Wert und als Feld einer Variante, auch negativ und null.",,"vergleich; mcu; !ziele Regel; board; !ieee Regel; beweiser"
84_defaults.takt,-,parse ok + sema ok,"`default` und `match` auf `T!E` (3.7, 3.8, FB-318): Der Standardwert eines Enums ist seine erste Variante, auch wenn ihre Diskriminante nicht null ist; der eines `T!E` ist `OK(default)`.",,"vergleich; mcu; !ziele Regel; board; !ieee Regel; beweiser"
85_observe_invalid.takt,-,parse ok + sema ok,"Beobachtung auf einem ungueltigen Channel (3.5, 5.6, FB-320): Ohne Stimulus ist `p` ungueltig.",,"vergleich; mcu; ziele; board; ieee; !beweiser das Modell laeuft nur an wenigen Programmen gegen den Interpreter (FB-381, Schritt 28)"
86_units.takt,-,parse ok + sema ok,"Einheiten und generische Bibliothek im erzeugten Code (3.2, 11.4, FB-321): Umrechnungen mit rationalem Faktor (`bar` nach `psi`), affine (`degC`, `degF` ueber `degR = 5/9 K`) und ganzzahlige (`sector` nach `B`) rechnen nativ wie im Interpreter; ebenso die Funktionen und Bloecke der Bibliothek mit Einheitenvariablen, die sonst nur die Simulation sieht.",,"vergleich; mcu; ziele; board; ieee; beweiser"
87_fault_kinds.takt,-,parse ok + sema ok,"Faults, die sonst kein Korpusprogramm ausloest (5.3, 7.5, 4.5): je Maschine einer, zu einem festen Tick, damit das Differential den Tick vergleicht, an dem der Output auf `safe` faellt.",,"vergleich; mcu; ziele; board; ieee; beweiser"
88_capture_segments.takt,-,parse ok + sema ok,"Captures ueber Segmentgrenzen und volle interne Stroeme (6.2, 8.6, 8.7): `until s as m` hebt `m` wie eine Variable der Sequenz; es ist in *jedem* folgenden Segment lesbar, auch nach einem weiteren `wait` und einem weiteren `until`.",,"vergleich; mcu; !ziele Regel; board; !ieee Regel; beweiser"
89_fault_paths.takt,-,parse ok + sema ok,"Wege in den Fault und daran vorbei (4.1, 3.5, 3.8, 5.3): Eine Funktion, die in einer Maschine faultet, faultet keine andere, die im selben Tick eine Funktion ruft (FB-337); ein unbewachtes `T?` ohne Wert ist `MissingValue` (FB-338); `and`, `or` und `a if c else b` werten den nicht gewaehlten Zweig nicht aus, auch wenn er einen ungueltigen Channel liest (FB-339).",,"vergleich; mcu; ziele; board; ieee; beweiser"
90_abort.takt,-,parse ok + sema ok,"Die Abort-Phase (5.4, 9.3, FB-332): `abort` faultet die eigene Maschine sofort und jede andere im selben Tick, auch eine, die in diesem Tick nicht aktiv ist.",,"vergleich; mcu; !ziele Regel; board; !ieee Regel; !beweiser das Modell laeuft nur an wenigen Programmen gegen den Interpreter (FB-381, Schritt 28)"
91_subnormals.takt,-,parse ok + sema ok,"Subnormale Zahlen (4.2, FB-329): Ein Wert faellt Tick fuer Tick durch den subnormalen Bereich von `f64`, bis er null wird.",,"vergleich; mcu; ziele; board; ieee; !beweiser das Modell laeuft nur an wenigen Programmen gegen den Interpreter (FB-381, Schritt 28)"
92_idle_streams.takt,-,parse ok + sema ok,"Stroeme im Schlaf (5.10, 9.6, FB-334): Eine Maschine im `idle` hoert ihre Nicht-Wake-Stroeme nicht.",,"vergleich; mcu; !ziele Regel; board; !ieee Regel; beweiser"
93_confirmations.takt,-,parse ok + sema ok,"Bestaetigungszeiten und Flanken (5.6, 5.8, FB-335, FB-341): Ein `check … for d` scheitert erst nach `d` ununterbrochener Verletzung; eine kuerzere bleibt folgenlos.",,"vergleich; mcu; !ziele Regel; board; !ieee Regel; beweiser"
94_float_ranges.takt,-,parse ok + sema ok,"Gleitkomma-Ranges (3.4, 4.2, FB-327): Die Analyse fuehrt Intervalle auch fuer `float`.",,"vergleich; mcu; ziele; board; ieee; !beweiser das Modell laeuft nur an wenigen Programmen gegen den Interpreter (FB-381, Schritt 28)"
95_boundary_ranges.takt,-,parse ok + sema ok,"Ranges an den Bindestellen (3.4, FB-343): Ein Feld, ein Parameter und eine Rueckgabe mit Range pruefen, was an sie geht, wie eine Zuweisung.",,"vergleich; mcu; !ziele Regel; board; !ieee Regel; beweiser"
96_record_outputs.takt,-,parse ok + sema ok,"Record-Ausgaenge (9.3, FB-312): Ein Record erscheint im Trace als `Name(f1, f2)`, auch verschachtelt und mit Enum, Wahrheitswert, schmalen Ganzzahlen, Dauer und Gleitkomma.",,"vergleich; mcu; ziele; board; ieee; beweiser"
97_fast_math.takt,-,parse ok + sema ok,"Schnelle Naeherungen (4.2, 11.4; M10 Schritt 19): `sin_fast`, `cos_fast`, `exp_fast` und `atan2_fast` sind Polynome in Takt, als `fma`-Kette nach einer Bereichsreduktion.",,"vergleich; mcu; ziele; board; ieee; beweiser"
98_last_fault.takt,-,parse ok + sema ok,"`last_fault` (5.3, FB-340): Art, Nachricht, Zeile und Tick des letzten Faults, im Interpreter und im erzeugten Code gleich.",,"vergleich; mcu; !ziele Regel; board; !ieee Regel; beweiser"
99_exit_fault.takt,-,parse ok + sema ok,"Ein Fault in `exit:` (9.3, FB-289) wird ab dem kleinsten gemeinsamen Vorfahren behandelt: Die Zustaende darunter sind verlassen, das Ziel des Wechsels ist noch nicht betreten.",,"vergleich; mcu; !ziele Regel; board; !ieee Regel; !beweiser das Modell laeuft nur an wenigen Programmen gegen den Interpreter (FB-381, Schritt 28)"
100_dispatch.takt,-,parse ok + sema ok,"Dispatch ueber den Produkt-DFA (8.7, 11.2, FB-282).",,"vergleich; mcu; !ziele Regel; board; !ieee Regel; beweiser"
101_correct_math.takt,-,parse ok + sema ok,"Korrekt gerundete Mathematik (4.2; M10 Schritt 28): die zehn transzendenten Funktionen aus `libtaktm`, im Interpreter direkt gerufen, im erzeugten Code ueber `takt_m_*`.",,"vergleich; mcu; !ziele die korrekt gerundete Mathematik rechnet in takt-native-abi, das fuer aarch64 nicht gebaut ist (Schritt 29); board; ieee; beweiser"
102_correct_math_f32.takt,-,parse ok + sema ok,"Dieselbe Mathematik in `f32` (4.2; M10 Schritt 28): `libtaktm` rechnet sie mit zwei Woertern Mantisse statt vier, aus demselben Code.",,"vergleich; mcu; !ziele die korrekt gerundete Mathematik rechnet in takt-native-abi, das fuer aarch64 nicht gebaut ist (Schritt 29); board; ieee; beweiser"
103_math_domains.takt,-,parse ok + sema ok,"Definitionsbereiche der Mathematik (4.1; M10 Schritt 28): `ln` bei null, `asin` ueber eins und `pow` mit negativer Basis und gebrochenem Exponenten faulten mit `Arithmetic(Domain)`, `exp` ueber seinem Bereich mit `Arithmetic(NonFinite)` — im erzeugten Code wie im Interpreter, am selben Tick, und das Sichere danach ist dasselbe.",,"vergleich; mcu; !ziele die korrekt gerundete Mathematik rechnet in takt-native-abi, das fuer aarch64 nicht gebaut ist (Schritt 29); board; ieee; beweiser"
104_linear_has.takt,-,parse ok + sema ok,"`has` in linearer Zeit (8.7, 11.2; FB-351): Kann ein Ansatz bis zum Zeilenende lesen, suchen Handler und Guards die frueheste Stelle ueber den Durchlaufautomaten des Musters, alle Startstellen zugleich, und holen die Werte mit einem Durchlauf ab dort; die uebrigen Muster setzen an jedem Zeichenanfang neu an.",,"vergleich; mcu; !ziele Regel; board; !ieee Regel; beweiser"
105_subnormals_f32.takt,-,parse ok + sema ok,"Subnormale Zahlen in `f32` (4.2, M11 Schritt 6): wie 91, in der Breite, die der F401 in Hardware rechnet.",,"vergleich; mcu; ziele; board; ieee; !beweiser das Modell laeuft nur an wenigen Programmen gegen den Interpreter (FB-381, Schritt 28)"
106_machine_handler.takt,-,parse ok + sema ok,"Ein Handler auf Maschinenebene gilt in jedem Zustand (8.7, FB-411).",,"vergleich; mcu; !ziele Regel; board; !ieee Regel; beweiser"
107_cancel_and_pulse.takt,-,parse ok + sema ok,"`pulse` und `cancel` (7.5, 9.8): Der Puls setzt jetzt und stellt nach seiner Dauer den Latch von vor dem Statement wieder her; `cancel` verwirft, was fuer einen Output geplant ist.",,"vergleich; mcu; !ziele Regel; board; !ieee Regel; beweiser"
108_singular_solve.takt,-,parse ok + sema ok,"`solve` und `cholesky` am Rand (3.11): Die Matrix wird im Lauf singulaer, und `solve` faultet `Arithmetic(Singular)` in genau dem Tick; `cholesky` einer indefiniten Matrix ist `none` und faellt auf die Einheitsmatrix zurueck.",,"vergleich; mcu; ziele; board; ieee; beweiser"
109_narrow_bounds.takt,-,parse ok + sema ok,"Verengung an den Grenzen von i32 (3.4, Lemma 3.4): Die Ranges der Variablen passen in i32, die Zwischenwerte nicht.",,"vergleich; mcu; !ziele Regel; board; !ieee Regel; !beweiser das Modell laeuft nur an wenigen Programmen gegen den Interpreter (FB-381, Schritt 28)"
110_journal_log.takt,-,parse ok + sema ok,"Das Journal als Log (5.9, Version 2 von `takt-rt-core`): sieben Vorgaenge haengen in zwei Slots an, mit Loeschen beim Slotwechsel, ueber drei Generationen; `CUT` schneidet den Strom an jedem Byte, `CUT_CHUNK` an jedem Chunk der drei Loeschvorgaenge (8.11), `FLIP` verfaelscht den juengsten Eintrag nach dem CRC.",,"vergleich; mcu; !ziele Regel; board; ieee; !beweiser das Flash-Modell haelt 256 Chunks zu 256 Byte, ein Zustand ueber `STATE_LIMIT` (FB-485)"
111_assign_mul.takt,-,parse ok + sema ok,"`x *= k` (Census AssignMul): Verdopplung je Tick bis zur Obergrenze, dann von vorn.",,"vergleich; mcu; !ziele Regel; board; !ieee Regel; !beweiser das Modell laeuft nur an wenigen Programmen gegen den Interpreter (FB-381, Schritt 28)"
112_assign_div.takt,-,parse ok + sema ok,"`x /= k` (Census AssignDiv): ganzzahlige Division, die gegen null rundet, auch fuer negative Werte.",,"vergleich; mcu; !ziele Regel; board; !ieee Regel; !beweiser das Modell laeuft nur an wenigen Programmen gegen den Interpreter (FB-381, Schritt 28)"
113_case_ranges.takt,-,parse ok + sema ok,"`case a..b, c` (Census CaseRange): Bereiche und Einzelwerte in einem Fall, an beiden Grenzen und daneben.",,"vergleich; mcu; !ziele Regel; board; !ieee Regel; beweiser"
114_for_pairs.takt,-,parse ok + sema ok,"`for (k, v) in m` (Census ForPair): eine Map in Slot-Reihenfolge, Summe der Schluessel und Werte (3.9).",,"vergleich; mcu; !ziele Regel; board; !ieee Regel; beweiser"
115_affine_unit.takt,-,parse ok + sema ok,"Eigene affine Einheit (Census UnitAffine, 3.2): Ueberdruck `barg = affine(bar, 1.01325)`, Umrechnung und Differenz.",,"vergleich; mcu; ziele; board; ieee; beweiser"
116_sequence_timeout.takt,-,parse ok + sema ok,"`sequence with timeout = d -> X` (Census SequenceTimeout, FB-13): ein `until` ohne eigenes `timeout` erbt den Segment-Default.",,"vergleich; mcu; !ziele Regel; board; !ieee Regel; !beweiser das Modell laeuft nur an wenigen Programmen gegen den Interpreter (FB-381, Schritt 28)"
117_many_text_handlers.takt,-,parse ok + sema ok,"66 Text-Handler auf einem Strom in einem Zustand (8.7, 11.2, SYN-035): ueber 64 Muster kein Produkt-DFA, jeder Handler prueft mit eigenem Durchlauf; `hit` nennt den ersten passenden, dazu Platzhalter, allgemeines Muster hinter gleichlautendem und Catch-all.",,"vergleich; mcu; !ziele Regel; board; !ieee Regel; beweiser"
118_tx_idle.takt,-,parse ok + sema ok,"`tx.idle` und `tx.free` (8.8, FB-124): ein SPI-Treiber gibt `cs_n` erst frei, wenn der Sendepuffer leer und der Sender fertig ist; `free` sinkt mit dem `send` im selben Tick, ein Modell liest `sent`.",,"vergleich; mcu; !ziele Regel; board; !ieee Regel; beweiser"
119_timeout_cancels_schedule.takt,-,parse ok + sema ok,"Der Timeout einer Sequenz ist ein Fault-Pfad wie jeder andere (6.2, 5.3): Er verwirft die geplanten Ausgaben der Maschine, der Safe-Wert bleibt stehen (FB-472).",,"vergleich; mcu; !ziele Regel; board; !ieee Regel; beweiser"
120_port_writes.takt,-,parse ok + sema ok,"Schreibvorgaenge auf einen Registerport als Elemente des Schreibstroms in kanonischer Form (12.10, FB-474); ein Port ohne Modell liest den Default.",,"vergleich; mcu; !ziele Regel; !board Port auf mmio, die Adresse ist ein Register des C6 (FB-261); !ieee Regel; beweiser"
n01_bad_indent.takt,1,Tokenizer-Fehler,"2.1 Einrueckung, Tabs",strukturell erkennbar,
n02_transition_without_goto.takt,2,Parserfehler,2.3 trans_block,strukturell erkennbar,
n03_reserved_names.takt,2,Semantikfehler (Pruefung 50),2.5 reservierte Woerter und Membernamen,strukturell erkennbar,
n04_missing_initial.takt,1,Parser-/Semantikfehler (Pruefung 8),2.3 machine_body,strukturell erkennbar,
n05_open_enum_match.takt,3,Semantikfehler (Pruefungen 19 und 51),"2.5 offene Enums, 3.7 erschoepfendes match",braucht Sema; der Rauchtest meldet ok,
n06_unknown_entries.takt,1,Parserfehler,"2.3 system_item und attr: unbekannter Systemeintrag, unbekanntes Attribut",strukturell erkennbar; der Parser meldet beide,
121_scoped_abort.takt,-,parse ok + sema ok,"Ein `abort` erreicht nur aktive gescopte Instanzen (5.11, FB-480): Die inaktive bleibt auf `safe`, die aktive nimmt ihren Fault-Pfad.",,"vergleich; mcu; !ziele Regel; board; !ieee Regel; beweiser"
