beispiel,szenario,ticks,profil,verdikt,beschreibung
14_1,nominal,4200,,INCONCLUSIVE,"Zuendung mit Druckaufbau, Brenndauer, Abstellen und Reset"
14_1,timeout,1200,,FAIL,"Zuendung ohne Druckaufbau: Timeout der Zeitgrenze nach SAFE"
14_1,sensor,1200,,FAIL,"chamber_p faellt aus: SensorFault nach SAFE"
14_1,overpressure,1200,,FAIL,"Ueberdruck loest den Interlock von ARMED aus"
14_1,abort,1200,,FAIL,"abort_test wirkt im selben Tick auf alle Maschinen (5.4)"
14_1,reset,1200,,FAIL,"Reset aus SAFE erst bei chamber_p unter 2 bar"
14_2,cycles,4400,SIM,INCONCLUSIVE,"Zwei Temperaturzyklen mit Plant-Modell und Profil (8.3, 8.4)"
14_3,travel,400,,INCONCLUSIVE,"Instanz mit Rueckmeldung: Oeffnen und Schliessen"
14_3,stuck,2200,,INCONCLUSIVE,"Antrieb klemmt: Zeitgrenze der Instanz fuehrt nach STUCK"
14_4,bump,200,,INCONCLUSIVE,"Bloecke lowpass und pid in einer Testmaschine (11.4)"
14_5,over,300,,FAIL,"Ein Element des Channel-Arrays ueberschreitet die Grenze"
14_5,invalid,300,,INCONCLUSIVE,"Das Channel-Array wird ungueltig, der Alert meldet die Flanke"
14_6,brownout,900,,PASS,"Versorgungsunterbrechung gegen ein UART-Modell: Muster, Handler, geplante Ausgabe, Verdikt (8.6-8.8)"
12_6,slew,600,,INCONCLUSIVE,"max_slew und debounce am Treiberrand: Suspect haelt, dann Bad (12.6)"
12_6,range,400,,INCONCLUSIVE,"Ein Wert ausserhalb der deklarierten Range wird Bad/OutOfRange (12.6)"
14_7,charge,1200,,INCONCLUSIVE,"Selbsttest, Laden mit Zyklenzaehler ueber die Ladegeraet-Flanke, Abziehen nach IDLE_WAIT (5.9, 5.7)"
14_7,protect,1600,,FAIL,"Zelle 2 ueber V_MAX: Interlock, PROTECT, nach 10 s zurueck in den Selbsttest (5.3)"
11_4,blocks,200,,INCONCLUSIVE,"Die Bloecke der Bibliothek an festen Anregungen, writer und reader im Rundlauf (11.4)"
14_8,slot0,600,,INCONCLUSIVE,"Slot 0 traegt ein gueltiges Image: Kopf, Chunk-Hash, Signatur als Job, Slot fuer den Sprung; next_run = ON_START beendet den Lauf vor dem Verdikt (12.7)"
14_8,fallback,600,,INCONCLUSIVE,"Slot 0 mit falschem Digest, Slot 1 gueltig: SLOT_FAILED, dann Sprung in Slot 1"
14_8,no_image,600,,INCONCLUSIVE,"Kein Image in beiden Slots: SLOT_FAILED je Versuch, dann HALT; der Lauf endet mit ON_START, ohne Slot"
12_7,confirmed,60,,INCONCLUSIVE,"Kein Image auf Probe: Betrieb, Neustart aus sicherem Zustand ueber next_run = NOW (12.7)"
12_7,trial,60,,INCONCLUSIVE,"Neues Image auf Probe: Selbsttest bestanden, confirm am Update-Geraet, dann Betrieb und Neustart"
12_7,broken,60,BROKEN,FAIL,"Neues Image auf Probe, Selbsttest verfehlt: Fault statt Bestaetigung, die Plattform faellt zurueck"
12_7,reset_loop,60,LOOP,INCONCLUSIVE,"Start nach dem Watchdog mit Grenze 1: HOLD statt weiterer Neustarts; das Programm zaehlt in persist"
12_7,watchdog,60,,INCONCLUSIVE,"Start nach dem Watchdog: Alert mit dem Zaehler, dann Betrieb"
60_resume,history,12,,INCONCLUSIVE,"resume: PAUSE und zurueck betritt den zuletzt aktiven Kindpfad SECOND statt initial (5.12)"
63_scoped_instances,switch,20,,INCONCLUSIVE,"Gescopte Instanzen: p und q in FIRST, r in SECOND, die Rueckkehr betritt p und q neu (5.11)"
37_follows,coupled,12,,INCONCLUSIVE,"follows: ctrl liest plant frisch, watch dieselbe Groesse mit Unit-Delay (7.2)"
65_trigger,erase,16,,INCONCLUSIVE,"Stromelemente als Stimulus: der Trigger feuert einmal je Armierung, vbus faellt 20 ms nach dem Ereignis (7.5)"
66_capture,dip,6,,INCONCLUSIVE,"Ein Capture-Fenster als Stromelement: Minimum, Maximum und Laenge (8.9)"
47_monitors,late,30,,FAIL,"Monitore: drei go in kurzer Folge verletzen die Annahme rare und die Eigenschaft disarms (13.3)"
41_tunables,retune,10,,INCONCLUSIVE,"tune-Zeilen: uebernommen ab ihrer Tickgrenze, 200 ausserhalb der Range verworfen, 100 auf der Grenze gilt (8.4)"
87_fault_kinds,kinds,12,,FAIL,"Fault-Arten: Singular, TimingFault, ScheduleOverflow, DivZero und Overflow; ein neu gestarteter Job endet (5.3, 4.5)"
12_6,bounds,600,,INCONCLUSIVE,"Range-Grenzen am Treiberrand: 0 bar und 250 bar gelten, -0.5 bar und 250.5 bar sind Bad/OutOfRange (3.5, 12.6)"
14_1,operator_abort,600,,FAIL,"Operator-Abort als Stimuluszeile: beide Maschinen nehmen im selben Tick ihren Fault-Pfad (5.4)"
14_1,overrun,600,,FAIL,"runtime Overrun als Stimuluszeile: Runtime-Fault fuer alle Maschinen im selben Tick (7.3)"
14_1,same_tick,1200,,FAIL,"Zwei Commands im selben Tick: no_ignition und start in Tick 50, die Zuendung bleibt aus, Timeout nach SAFE"
12_6,qualities,600,,INCONCLUSIVE,"Qualitaeten als Stimulus: stale mit Alter ueber max_age (Messzeitpunkt nicht fallend), bad mit Grund Implausible; reason nennt sie (3.5, 12.6)"
